-- phpMyAdmin SQL Dump
-- version 3.4.11.1
-- http://www.phpmyadmin.net
--
-- Host: localhost
-- Generation Time: Apr 14, 2013 at 07:42 PM
-- Server version: 5.5.30
-- PHP Version: 5.2.17

SET SQL_MODE="NO_AUTO_VALUE_ON_ZERO";
SET time_zone = "+00:00";


/*!40101 SET @OLD_CHARACTER_SET_CLIENT=@@CHARACTER_SET_CLIENT */;
/*!40101 SET @OLD_CHARACTER_SET_RESULTS=@@CHARACTER_SET_RESULTS */;
/*!40101 SET @OLD_COLLATION_CONNECTION=@@COLLATION_CONNECTION */;
/*!40101 SET NAMES utf8 */;

--
-- Database: `palacio1_fly`
--

-- --------------------------------------------------------

--
-- Table structure for table `centroids`
--

DROP TABLE IF EXISTS `centroids`;
CREATE TABLE IF NOT EXISTS `centroids` (
  `id` int(11) NOT NULL,
  `x` float NOT NULL,
  `y` float NOT NULL,
  `level` int(10) NOT NULL,
  PRIMARY KEY (`id`)
) ENGINE=MyISAM DEFAULT CHARSET=utf8;

--
-- Dumping data for table `centroids`
--

INSERT INTO `centroids` (`id`, `x`, `y`, `level`) VALUES
(0, 0, 0, 0),
(2, 0.34636, 0.899246, 1),
(1, 0.93201, 0.273627, 2);

-- --------------------------------------------------------

--
-- Table structure for table `games`
--

DROP TABLE IF EXISTS `games`;
CREATE TABLE IF NOT EXISTS `games` (
  `id` int(11) NOT NULL AUTO_INCREMENT,
  `time` int(11) NOT NULL,
  `energy` int(11) NOT NULL,
  `shots` int(11) NOT NULL,
  `enemies_shot` int(11) NOT NULL,
  `enemies_avoided` int(11) NOT NULL,
  `rocks_shot` int(11) NOT NULL,
  `rocks_avoided` int(11) NOT NULL,
  `posteddate` datetime NOT NULL,
  `class` varchar(10) DEFAULT NULL,
  PRIMARY KEY (`id`)
) ENGINE=MyISAM  DEFAULT CHARSET=utf8 AUTO_INCREMENT=3 ;

--
-- Dumping data for table `games`
--

INSERT INTO `games` (`id`, `time`, `energy`, `shots`, `enemies_shot`, `enemies_avoided`, `rocks_shot`, `rocks_avoided`, `posteddate`, `class`) VALUES
(1, 10, 100, 18, 4, 0, 10, 0, '2013-04-08 12:42:00', ''),
(2, 10, 30, 0, 0, 1, 0, 1, '2013-04-08 13:44:26', '');

-- --------------------------------------------------------

--
-- Table structure for table `slices`
--

DROP TABLE IF EXISTS `slices`;
CREATE TABLE IF NOT EXISTS `slices` (
  `id` int(11) NOT NULL AUTO_INCREMENT,
  `game_id` int(11) NOT NULL,
  `shots` int(11) NOT NULL,
  `enemies_shot` int(11) NOT NULL,
  `enemies_avoided` int(11) NOT NULL,
  `rocks_shot` int(11) NOT NULL,
  `rocks_avoided` int(11) NOT NULL,
  `posteddate` datetime NOT NULL,
  `centroid_id` int(11) DEFAULT '-1',
  PRIMARY KEY (`id`)
) ENGINE=MyISAM  DEFAULT CHARSET=utf8 AUTO_INCREMENT=495 ;

--
-- Dumping data for table `slices`
--

INSERT INTO `slices` (`id`, `game_id`, `shots`, `enemies_shot`, `enemies_avoided`, `rocks_shot`, `rocks_avoided`, `posteddate`, `centroid_id`) VALUES
(1, 1, 0, 0, 0, 0, 0, '2013-04-08 15:01:39', 0),
(2, 1, 6, 1, 2, 3, 1, '2013-04-08 15:01:44', 2),
(3, 1, 13, 1, 1, 4, 0, '2013-04-08 15:01:49', 2),
(4, 1, 6, 1, 0, 3, 0, '2013-04-08 15:01:54', 2),
(5, 1, 4, 0, 1, 2, 0, '2013-04-08 15:01:59', 2),
(6, 1, 9, 1, 1, 3, 2, '2013-04-08 15:02:03', 2),
(7, 1, 7, 2, 0, 5, 0, '2013-04-08 15:02:09', 2),
(8, 1, 7, 1, 1, 4, 0, '2013-04-08 15:02:14', 2),
(9, 2, 0, 0, 0, 0, 0, '2013-04-08 15:02:14', 0),
(10, 2, 0, 0, 1, 0, 1, '2013-04-08 15:02:19', 0),
(11, 1, 11, 2, 1, 4, 0, '2013-04-08 15:02:19', 2),
(12, 1, 9, 2, 0, 4, 0, '2013-04-08 15:02:24', 2),
(13, 2, 0, 0, 1, 0, 2, '2013-04-08 15:02:24', 0),
(14, 2, 0, 0, 2, 0, 0, '2013-04-08 15:02:29', 0),
(15, 1, 10, 1, 0, 4, 0, '2013-04-08 15:02:31', 2),
(16, 1, 8, 0, 2, 5, 0, '2013-04-08 15:02:34', 2),
(17, 2, 0, 0, 2, 0, 3, '2013-04-08 15:02:34', 0),
(18, 1, 12, 2, 2, 6, 0, '2013-04-08 15:02:38', 2),
(19, 2, 0, 0, 1, 0, 1, '2013-04-08 15:02:39', 0),
(20, 1, 8, 2, 0, 6, 0, '2013-04-08 15:02:44', 2),
(21, 2, 0, 0, 2, 0, 3, '2013-04-08 15:02:44', 0),
(22, 1, 12, 0, 1, 8, 0, '2013-04-08 15:02:48', 2),
(23, 1, 9, 1, 2, 7, 1, '2013-04-08 15:02:53', 2),
(24, 3, 0, 0, 0, 0, 0, '2013-04-08 15:02:54', 0),
(25, 1, 7, 0, 2, 8, 0, '2013-04-08 15:02:59', 2),
(26, 3, 0, 0, 2, 0, 1, '2013-04-08 15:02:59', 0),
(27, 3, 0, 0, 1, 0, 4, '2013-04-08 15:03:04', 0),
(28, 1, 6, 2, 1, 4, 0, '2013-04-08 15:03:05', 2),
(29, 3, 0, 0, 1, 0, 3, '2013-04-08 15:03:09', 0),
(30, 3, 0, 0, 2, 0, 3, '2013-04-08 15:03:14', 0),
(31, 3, 0, 0, 1, 0, 4, '2013-04-08 15:03:19', 0),
(32, 3, 0, 0, 2, 0, 3, '2013-04-08 15:03:24', 0),
(33, 3, 0, 0, 2, 0, 3, '2013-04-08 15:03:29', 0),
(34, 3, 0, 0, 0, 0, 2, '2013-04-08 15:03:34', 0),
(35, 3, 0, 0, 2, 0, 4, '2013-04-08 15:03:39', 0),
(36, 5, 0, 0, 0, 0, 0, '2013-04-08 15:03:44', 0),
(37, 5, 0, 0, 1, 0, 1, '2013-04-08 15:03:49', 0),
(38, 6, 0, 0, 0, 0, 0, '2013-04-08 15:03:50', 0),
(39, 7, 0, 0, 0, 0, 0, '2013-04-08 15:03:53', 0),
(40, 5, 0, 0, 1, 0, 2, '2013-04-08 15:03:54', 0),
(41, 6, 0, 0, 1, 0, 0, '2013-04-08 15:03:55', 0),
(42, 7, 0, 0, 2, 0, 2, '2013-04-08 15:03:58', 0),
(43, 5, 0, 0, 2, 0, 2, '2013-04-08 15:03:59', 0),
(44, 6, 0, 0, 1, 0, 4, '2013-04-08 15:04:00', 0),
(45, 8, 2, 0, 0, 1, 0, '2013-04-08 15:04:02', 2),
(46, 7, 0, 0, 1, 0, 3, '2013-04-08 15:04:03', 0),
(47, 6, 0, 0, 2, 0, 2, '2013-04-08 15:04:05', 0),
(48, 8, 9, 0, 1, 3, 1, '2013-04-08 15:04:07', 2),
(49, 9, 4, 1, 0, 1, 0, '2013-04-08 15:04:07', 2),
(50, 7, 0, 0, 1, 0, 2, '2013-04-08 15:04:08', 0),
(51, 6, 0, 0, 2, 0, 3, '2013-04-08 15:04:10', 0),
(52, 8, 8, 2, 1, 4, 0, '2013-04-08 15:04:12', 2),
(53, 9, 11, 1, 1, 4, 0, '2013-04-08 15:04:12', 2),
(54, 7, 0, 0, 2, 0, 3, '2013-04-08 15:04:13', 0),
(55, 6, 0, 0, 0, 0, 2, '2013-04-08 15:04:15', 0),
(56, 8, 5, 1, 0, 2, 0, '2013-04-08 15:04:17', 2),
(57, 9, 10, 2, 0, 3, 0, '2013-04-08 15:04:17', 2),
(58, 7, 0, 0, 1, 0, 1, '2013-04-08 15:04:18', 0),
(59, 10, 0, 0, 0, 0, 0, '2013-04-08 15:04:21', 0),
(60, 8, 9, 2, 0, 4, 0, '2013-04-08 15:04:22', 2),
(61, 9, 8, 1, 0, 3, 0, '2013-04-08 15:04:22', 2),
(62, 10, 0, 0, 1, 0, 1, '2013-04-08 15:04:27', 0),
(63, 8, 12, 2, 0, 4, 0, '2013-04-08 15:04:27', 2),
(64, 9, 8, 0, 0, 2, 0, '2013-04-08 15:04:27', 2),
(65, 12, 5, 0, 0, 2, 0, '2013-04-08 15:04:31', 2),
(66, 10, 0, 0, 1, 0, 3, '2013-04-08 15:04:31', 0),
(67, 9, 6, 0, 0, 2, 0, '2013-04-08 15:04:32', 2),
(68, 12, 15, 2, 1, 1, 0, '2013-04-08 15:04:36', 1),
(69, 10, 0, 0, 2, 0, 3, '2013-04-08 15:04:36', 0),
(70, 9, 5, 1, 1, 3, 0, '2013-04-08 15:04:37', 2),
(71, 12, 28, 0, 1, 0, 3, '2013-04-08 15:04:41', 0),
(72, 10, 0, 0, 2, 0, 3, '2013-04-08 15:04:41', 0),
(73, 12, 11, 0, 1, 1, 2, '2013-04-08 15:04:46', 2),
(74, 10, 0, 0, 1, 0, 3, '2013-04-08 15:04:46', 0),
(75, 13, 0, 0, 0, 0, 0, '2013-04-08 15:04:47', 0),
(76, 12, 15, 0, 2, 2, 3, '2013-04-08 15:04:51', 2),
(77, 10, 0, 0, 2, 0, 2, '2013-04-08 15:04:52', 0),
(78, 13, 0, 0, 1, 0, 1, '2013-04-08 15:04:52', 0),
(79, 12, 14, 1, 1, 1, 2, '2013-04-08 15:04:56', 2),
(80, 10, 0, 0, 2, 0, 2, '2013-04-08 15:04:57', 0),
(81, 13, 0, 0, 1, 0, 3, '2013-04-08 15:04:57', 0),
(82, 12, 23, 1, 1, 3, 1, '2013-04-08 15:05:01', 2),
(83, 10, 0, 0, 2, 0, 5, '2013-04-08 15:05:02', 0),
(84, 13, 0, 0, 2, 0, 3, '2013-04-08 15:05:02', 0),
(85, 12, 20, 1, 2, 2, 2, '2013-04-08 15:05:06', 2),
(86, 13, 0, 0, 2, 0, 2, '2013-04-08 15:05:07', 0),
(87, 12, 22, 0, 0, 1, 2, '2013-04-08 15:05:11', 2),
(88, 13, 0, 0, 1, 0, 4, '2013-04-08 15:05:12', 0),
(89, 12, 26, 0, 3, 0, 4, '2013-04-08 15:05:16', 0),
(90, 13, 0, 0, 2, 0, 3, '2013-04-08 15:05:17', 0),
(91, 12, 13, 0, 2, 3, 2, '2013-04-08 15:05:21', 2),
(92, 13, 0, 0, 2, 0, 4, '2013-04-08 15:05:22', 0),
(93, 12, 16, 1, 2, 6, 3, '2013-04-08 15:05:26', 2),
(94, 12, 18, 1, 1, 3, 0, '2013-04-08 15:05:31', 2),
(95, 12, 16, 1, 1, 6, 1, '2013-04-08 15:05:36', 2),
(96, 12, 18, 1, 2, 2, 3, '2013-04-08 15:05:41', 2),
(97, 12, 20, 0, 1, 2, 2, '2013-04-08 15:05:46', 2),
(98, 12, 17, 1, 2, 7, 4, '2013-04-08 15:05:51', 2),
(99, 12, 18, 0, 2, 6, 2, '2013-04-08 15:05:56', 2),
(100, 14, 6, 1, 0, 0, 0, '2013-04-08 15:06:51', 1),
(101, 14, 3, 1, 1, 4, 0, '2013-04-08 15:06:56', 2),
(102, 14, 0, 0, 0, 0, 1, '2013-04-08 15:07:02', 0),
(103, 14, 0, 0, 2, 0, 2, '2013-04-08 15:07:06', 0),
(104, 14, 0, 0, 2, 0, 1, '2013-04-08 15:07:11', 0),
(105, 14, 0, 0, 1, 0, 3, '2013-04-08 15:07:16', 0),
(106, 14, 0, 0, 1, 0, 2, '2013-04-08 15:07:21', 0),
(107, 15, 0, 0, 0, 0, 0, '2013-04-08 15:07:33', 0),
(108, 15, 0, 0, 2, 0, 2, '2013-04-08 15:07:39', 0),
(109, 15, 0, 0, 1, 0, 2, '2013-04-08 15:07:44', 0),
(110, 16, 0, 0, 0, 0, 0, '2013-04-08 15:07:54', 0),
(111, 17, 0, 0, 0, 0, 0, '2013-04-08 15:08:55', 0),
(112, 17, 0, 0, 1, 0, 0, '2013-04-08 15:08:59', 0),
(113, 18, 2, 0, 0, 2, 0, '2013-04-08 15:09:02', 2),
(114, 17, 4, 0, 2, 1, 1, '2013-04-08 15:09:04', 2),
(115, 18, 2, 1, 1, 1, 0, '2013-04-08 15:09:07', 2),
(116, 17, 9, 2, 1, 3, 3, '2013-04-08 15:09:09', 2),
(117, 18, 2, 0, 0, 2, 1, '2013-04-08 15:09:12', 2),
(118, 17, 10, 2, 0, 3, 0, '2013-04-08 15:09:15', 2),
(119, 18, 10, 1, 2, 2, 2, '2013-04-08 15:09:17', 2),
(120, 17, 6, 1, 0, 5, 0, '2013-04-08 15:09:19', 2),
(121, 18, 14, 2, 0, 3, 0, '2013-04-08 15:09:22', 2),
(122, 17, 9, 2, 0, 3, 0, '2013-04-08 15:09:24', 2),
(123, 18, 8, 1, 0, 1, 2, '2013-04-08 15:09:27', 2),
(124, 17, 13, 3, 0, 5, 0, '2013-04-08 15:09:29', 2),
(125, 18, 14, 3, 0, 6, 0, '2013-04-08 15:09:32', 2),
(126, 17, 12, 1, 0, 5, 0, '2013-04-08 15:09:34', 2),
(127, 18, 11, 2, 0, 4, 0, '2013-04-08 15:09:38', 2),
(128, 17, 9, 2, 0, 4, 0, '2013-04-08 15:09:39', 2),
(129, 18, 8, 1, 0, 1, 0, '2013-04-08 15:09:42', 2),
(130, 17, 9, 1, 0, 3, 0, '2013-04-08 15:09:44', 2),
(131, 18, 3, 0, 2, 0, 3, '2013-04-08 15:09:47', 0),
(132, 17, 15, 3, 1, 6, 0, '2013-04-08 15:09:49', 2),
(133, 18, 5, 0, 2, 2, 3, '2013-04-08 15:09:52', 2),
(134, 17, 20, 2, 0, 6, 0, '2013-04-08 15:09:54', 2),
(135, 18, 5, 0, 2, 1, 3, '2013-04-08 15:09:57', 2),
(136, 17, 9, 2, 0, 5, 0, '2013-04-08 15:10:00', 2),
(137, 18, 12, 2, 1, 4, 2, '2013-04-08 15:10:02', 2),
(138, 17, 9, 1, 1, 7, 0, '2013-04-08 15:10:04', 2),
(139, 18, 8, 2, 1, 3, 2, '2013-04-08 15:10:07', 2),
(140, 17, 13, 3, 0, 7, 0, '2013-04-08 15:10:09', 2),
(141, 18, 9, 2, 1, 5, 4, '2013-04-08 15:10:12', 2),
(142, 17, 15, 1, 1, 6, 0, '2013-04-08 15:10:14', 2),
(143, 17, 10, 2, 0, 6, 0, '2013-04-08 15:10:19', 2),
(144, 19, 3, 1, 0, 0, 0, '2013-04-08 15:10:50', 1),
(145, 19, 0, 0, 0, 0, 2, '2013-04-08 15:10:55', 0),
(146, 19, 8, 2, 0, 1, 2, '2013-04-08 15:11:00', 1),
(147, 19, 3, 0, 0, 0, 2, '2013-04-08 15:11:05', 0),
(148, 20, 0, 0, 0, 0, 0, '2013-04-08 15:11:06', 0),
(149, 21, 6, 1, 0, 1, 0, '2013-04-08 15:11:11', 2),
(150, 20, 0, 0, 2, 0, 2, '2013-04-08 15:11:11', 0),
(151, 21, 9, 2, 0, 4, 2, '2013-04-08 15:11:16', 2),
(152, 20, 0, 0, 1, 0, 3, '2013-04-08 15:11:16', 0),
(153, 20, 0, 0, 2, 0, 2, '2013-04-08 15:11:21', 0),
(154, 21, 3, 1, 1, 1, 0, '2013-04-08 15:11:26', 2),
(155, 21, 0, 0, 0, 0, 0, '2013-04-08 15:11:28', 0),
(156, 20, 0, 0, 2, 0, 3, '2013-04-08 15:11:30', 0),
(157, 20, 0, 0, 1, 0, 4, '2013-04-08 15:11:31', 0),
(158, 20, 0, 0, 1, 0, 1, '2013-04-08 15:11:36', 0),
(159, 22, 0, 0, 0, 0, 0, '2013-04-08 15:14:41', 0),
(160, 22, 0, 0, 2, 0, 0, '2013-04-08 15:14:47', 0),
(161, 22, 0, 0, 1, 0, 3, '2013-04-08 15:14:51', 0),
(162, 23, 6, 1, 0, 2, 0, '2013-04-08 15:19:23', 2),
(163, 23, 10, 2, 0, 4, 0, '2013-04-08 15:19:28', 2),
(164, 23, 11, 2, 0, 3, 0, '2013-04-08 15:19:33', 2),
(165, 23, 11, 2, 0, 4, 0, '2013-04-08 15:19:38', 2),
(166, 23, 8, 2, 0, 3, 0, '2013-04-08 15:19:43', 2),
(167, 23, 10, 1, 0, 3, 0, '2013-04-08 15:19:48', 2),
(168, 23, 8, 2, 0, 4, 0, '2013-04-08 15:19:53', 2),
(169, 23, 14, 2, 0, 6, 0, '2013-04-08 15:19:58', 2),
(170, 23, 8, 2, 0, 3, 0, '2013-04-08 15:20:03', 2),
(171, 23, 10, 2, 0, 5, 0, '2013-04-08 15:20:08', 2),
(172, 24, 0, 0, 0, 0, 0, '2013-04-08 15:20:11', 0),
(173, 23, 7, 2, 0, 3, 0, '2013-04-08 15:20:13', 2),
(174, 24, 3, 0, 1, 0, 2, '2013-04-08 15:20:16', 0),
(175, 23, 12, 2, 1, 6, 0, '2013-04-08 15:20:18', 2),
(176, 24, 8, 1, 1, 2, 3, '2013-04-08 15:20:21', 2),
(177, 23, 9, 2, 0, 4, 0, '2013-04-08 15:20:23', 2),
(178, 24, 9, 0, 0, 5, 0, '2013-04-08 15:20:26', 2),
(179, 23, 16, 3, 0, 7, 0, '2013-04-08 15:20:28', 2),
(180, 24, 10, 1, 2, 3, 0, '2013-04-08 15:20:31', 2),
(181, 23, 13, 1, 0, 9, 0, '2013-04-08 15:20:33', 2),
(182, 24, 5, 1, 0, 1, 0, '2013-04-08 15:20:36', 2),
(183, 23, 13, 2, 1, 8, 0, '2013-04-08 15:20:38', 2),
(184, 23, 5, 1, 0, 4, 0, '2013-04-08 15:20:43', 2),
(185, 23, 11, 2, 2, 6, 0, '2013-04-08 15:20:48', 2),
(186, 25, 0, 0, 0, 0, 0, '2013-04-08 15:23:21', 0),
(187, 25, 0, 0, 1, 0, 2, '2013-04-08 15:23:25', 0),
(188, 25, 0, 0, 1, 0, 0, '2013-04-08 15:23:31', 0),
(189, 25, 0, 0, 2, 0, 2, '2013-04-08 15:23:36', 0),
(190, 25, 0, 0, 2, 0, 4, '2013-04-08 15:23:40', 0),
(191, 25, 0, 0, 1, 0, 2, '2013-04-08 15:23:46', 0),
(192, 25, 0, 0, 2, 0, 3, '2013-04-08 15:23:50', 0),
(193, 25, 0, 0, 2, 0, 1, '2013-04-08 15:23:56', 0),
(194, 26, 0, 0, 0, 0, 0, '2013-04-08 15:24:05', 0),
(195, 26, 0, 0, 2, 0, 2, '2013-04-08 15:24:10', 0),
(196, 27, 0, 0, 0, 0, 0, '2013-04-08 15:24:49', 0),
(197, 27, 1, 0, 1, 1, 1, '2013-04-08 15:24:54', 2),
(198, 27, 1, 0, 1, 1, 1, '2013-04-08 15:25:00', 2),
(199, 28, 0, 0, 0, 0, 0, '2013-04-08 15:25:02', 0),
(200, 27, 4, 0, 2, 3, 2, '2013-04-08 15:25:04', 2),
(201, 28, 3, 0, 2, 0, 0, '2013-04-08 15:25:07', 0),
(202, 27, 3, 0, 2, 3, 1, '2013-04-08 15:25:09', 2),
(203, 28, 3, 0, 0, 1, 4, '2013-04-08 15:25:12', 2),
(204, 27, 5, 0, 0, 3, 0, '2013-04-08 15:25:15', 2),
(205, 28, 2, 0, 1, 1, 0, '2013-04-08 15:25:17', 2),
(206, 27, 1, 0, 2, 1, 1, '2013-04-08 15:25:19', 2),
(207, 28, 2, 0, 2, 2, 1, '2013-04-08 15:25:22', 2),
(208, 27, 9, 0, 0, 7, 0, '2013-04-08 15:25:24', 2),
(209, 29, 0, 0, 0, 0, 0, '2013-04-08 15:32:03', 0),
(210, 30, 0, 0, 0, 0, 0, '2013-04-08 15:32:04', 0),
(211, 30, 0, 0, 2, 0, 2, '2013-04-08 15:32:09', 0),
(212, 30, 0, 0, 0, 0, 3, '2013-04-08 15:32:14', 0),
(213, 31, 2, 1, 0, 1, 0, '2013-04-08 15:32:14', 2),
(214, 31, 3, 0, 1, 2, 1, '2013-04-08 15:32:19', 2),
(215, 31, 4, 0, 1, 1, 1, '2013-04-08 15:32:24', 2),
(216, 31, 2, 1, 1, 0, 1, '2013-04-08 15:32:29', 1),
(217, 31, 5, 1, 1, 4, 4, '2013-04-08 15:32:34', 2),
(218, 33, 0, 0, 0, 0, 0, '2013-04-08 15:32:37', 0),
(219, 31, 7, 1, 0, 3, 0, '2013-04-08 15:32:39', 2),
(220, 34, 0, 0, 0, 0, 0, '2013-04-08 15:32:40', 0),
(221, 33, 7, 1, 2, 1, 1, '2013-04-08 15:32:42', 2),
(222, 31, 4, 1, 0, 1, 0, '2013-04-08 15:32:44', 2),
(223, 34, 0, 0, 1, 0, 0, '2013-04-08 15:32:45', 0),
(224, 33, 9, 1, 0, 0, 2, '2013-04-08 15:32:46', 1),
(225, 31, 6, 1, 1, 2, 2, '2013-04-08 15:32:49', 2),
(226, 33, 8, 0, 1, 2, 3, '2013-04-08 15:32:51', 2),
(227, 31, 0, 1, 1, 0, 3, '2013-04-08 15:32:54', 1),
(228, 33, 9, 0, 2, 2, 1, '2013-04-08 15:32:57', 2),
(229, 33, 11, 1, 1, 1, 3, '2013-04-08 15:33:01', 2),
(230, 33, 11, 0, 1, 2, 2, '2013-04-08 15:33:06', 2),
(231, 33, 7, 1, 2, 0, 2, '2013-04-08 15:33:12', 1),
(232, 33, 7, 0, 1, 1, 2, '2013-04-08 15:33:16', 2),
(233, 33, 8, 3, 2, 0, 4, '2013-04-08 15:33:21', 1),
(234, 35, 0, 0, 0, 0, 0, '2013-04-08 15:34:08', 0),
(235, 35, 0, 0, 2, 0, 2, '2013-04-08 15:34:12', 0),
(236, 35, 0, 0, 0, 0, 1, '2013-04-08 15:34:18', 0),
(237, 36, 7, 1, 0, 2, 0, '2013-04-08 15:38:07', 2),
(238, 36, 10, 1, 1, 2, 0, '2013-04-08 15:38:12', 2),
(239, 36, 18, 2, 0, 4, 0, '2013-04-08 15:38:17', 2),
(240, 36, 16, 2, 0, 3, 0, '2013-04-08 15:38:22', 2),
(241, 36, 11, 1, 0, 5, 0, '2013-04-08 15:38:27', 2),
(242, 36, 8, 1, 0, 4, 0, '2013-04-08 15:38:32', 2),
(243, 36, 9, 3, 0, 2, 0, '2013-04-08 15:38:37', 1),
(244, 36, 10, 1, 0, 5, 0, '2013-04-08 15:38:42', 2),
(245, 36, 10, 4, 0, 3, 0, '2013-04-08 15:38:47', 1),
(246, 36, 12, 1, 0, 5, 0, '2013-04-08 15:38:52', 2),
(247, 36, 14, 3, 0, 4, 0, '2013-04-08 15:38:57', 2),
(248, 37, 0, 0, 0, 0, 0, '2013-04-08 15:38:58', 0),
(249, 36, 12, 1, 0, 3, 0, '2013-04-08 15:39:02', 2),
(250, 37, 0, 0, 2, 0, 0, '2013-04-08 15:39:03', 0),
(251, 36, 14, 2, 1, 4, 2, '2013-04-08 15:39:07', 2),
(252, 37, 0, 0, 3, 0, 5, '2013-04-08 15:39:12', 0),
(253, 36, 11, 3, 0, 1, 0, '2013-04-08 15:39:12', 1),
(254, 37, 0, 0, 0, 0, 1, '2013-04-08 15:39:13', 0),
(255, 36, 9, 1, 0, 8, 5, '2013-04-08 15:39:17', 2),
(256, 36, 12, 3, 0, 4, 0, '2013-04-08 15:39:22', 2),
(257, 37, 0, 0, 1, 0, 4, '2013-04-08 15:39:53', 0),
(258, 37, 0, 0, 0, 0, 0, '2013-04-08 15:39:53', 0),
(259, 37, 0, 0, 0, 0, 0, '2013-04-08 15:39:53', 0),
(260, 37, 0, 0, 0, 0, 0, '2013-04-08 15:39:53', 0),
(261, 37, 0, 0, 0, 0, 0, '2013-04-08 15:39:53', 0),
(262, 37, 0, 0, 0, 0, 0, '2013-04-08 15:39:53', 0),
(263, 37, 0, 0, 0, 0, 0, '2013-04-08 15:39:53', 0),
(264, 37, 0, 0, 0, 0, 0, '2013-04-08 15:39:53', 0),
(265, 38, 1, 0, 0, 0, 0, '2013-04-08 15:45:46', 0),
(266, 38, 1, 0, 2, 1, 1, '2013-04-08 15:45:51', 2),
(267, 38, 5, 2, 1, 1, 2, '2013-04-08 15:45:56', 1),
(268, 38, 3, 0, 1, 1, 2, '2013-04-08 15:46:01', 2),
(269, 38, 1, 0, 2, 0, 2, '2013-04-08 15:46:07', 0),
(270, 38, 4, 0, 1, 2, 2, '2013-04-08 15:46:11', 2),
(271, 38, 3, 1, 2, 0, 2, '2013-04-08 15:46:16', 1),
(272, 38, 5, 0, 1, 1, 3, '2013-04-08 15:46:21', 2),
(273, 38, 2, 1, 2, 0, 2, '2013-04-08 15:46:26', 1),
(274, 38, 0, 0, 1, 0, 5, '2013-04-08 15:46:31', 0),
(275, 38, 1, 0, 1, 0, 4, '2013-04-08 15:46:37', 0),
(276, 38, 6, 0, 2, 2, 2, '2013-04-08 15:46:42', 2),
(277, 38, 5, 0, 2, 1, 4, '2013-04-08 15:46:46', 2),
(278, 38, 4, 0, 2, 4, 4, '2013-04-08 15:46:51', 2),
(279, 38, 5, 0, 3, 1, 2, '2013-04-08 15:46:56', 2),
(280, 39, 0, 0, 0, 0, 0, '2013-04-08 16:07:31', 0),
(281, 40, 0, 0, 0, 0, 0, '2013-04-08 16:30:21', 0),
(282, 41, 3, 1, 0, 2, 0, '2013-04-08 16:30:34', 2),
(283, 41, 3, 0, 0, 3, 0, '2013-04-08 16:30:39', 2),
(284, 41, 2, 2, 0, 0, 1, '2013-04-08 16:30:44', 1),
(285, 41, 7, 1, 0, 4, 0, '2013-04-08 16:30:49', 2),
(286, 41, 7, 1, 0, 2, 0, '2013-04-08 16:30:54', 2),
(287, 41, 5, 0, 0, 4, 1, '2013-04-08 16:30:59', 2),
(288, 43, 0, 0, 0, 0, 0, '2013-04-08 17:27:49', 0),
(289, 43, 9, 2, 1, 1, 1, '2013-04-08 17:27:54', 1),
(290, 43, 7, 0, 1, 4, 2, '2013-04-08 17:27:59', 2),
(291, 43, 4, 0, 1, 1, 0, '2013-04-08 17:28:04', 2),
(292, 43, 9, 2, 2, 1, 2, '2013-04-08 17:28:09', 1),
(293, 43, 11, 0, 0, 3, 2, '2013-04-08 17:28:14', 2),
(294, 43, 6, 1, 1, 1, 1, '2013-04-08 17:28:19', 2),
(295, 43, 12, 0, 1, 4, 2, '2013-04-08 17:28:26', 2),
(296, 43, 14, 3, 1, 3, 2, '2013-04-08 17:28:29', 2),
(297, 43, 14, 2, 0, 3, 0, '2013-04-08 17:28:34', 2),
(298, 43, 12, 0, 1, 3, 1, '2013-04-08 17:28:39', 2),
(299, 44, 0, 0, 0, 0, 0, '2013-04-08 17:58:43', 0),
(300, 45, 4, 0, 0, 2, 0, '2013-04-08 17:58:58', 2),
(301, 45, 11, 3, 1, 4, 0, '2013-04-08 17:59:01', 2),
(302, 45, 13, 1, 0, 2, 0, '2013-04-08 17:59:06', 2),
(303, 45, 16, 1, 0, 3, 0, '2013-04-08 17:59:11', 2),
(304, 45, 10, 1, 1, 3, 1, '2013-04-08 17:59:16', 2),
(305, 45, 15, 2, 0, 2, 1, '2013-04-08 17:59:21', 2),
(306, 45, 15, 1, 0, 4, 0, '2013-04-08 17:59:26', 2),
(307, 45, 14, 2, 0, 5, 0, '2013-04-08 17:59:31', 2),
(308, 46, 8, 0, 0, 2, 0, '2013-04-08 18:41:52', 2),
(309, 46, 3, 1, 1, 4, 0, '2013-04-08 18:41:57', 2),
(310, 46, 3, 0, 1, 2, 0, '2013-04-08 18:42:02', 2),
(311, 46, 17, 1, 1, 0, 1, '2013-04-08 18:42:07', 1),
(312, 46, 13, 2, 1, 5, 2, '2013-04-08 18:42:12', 2),
(313, 46, 10, 2, 0, 2, 1, '2013-04-08 18:42:17', 2),
(314, 46, 12, 1, 0, 3, 0, '2013-04-08 18:42:22', 2),
(315, 47, 0, 0, 0, 0, 0, '2013-04-08 19:05:56', 0),
(316, 47, 0, 0, 1, 0, 0, '2013-04-08 19:06:01', 0),
(317, 47, 0, 0, 1, 0, 0, '2013-04-08 19:06:06', 0),
(318, 47, 5, 1, 2, 2, 1, '2013-04-08 19:06:11', 2),
(319, 47, 15, 2, 0, 1, 1, '2013-04-08 19:06:16', 1),
(320, 47, 9, 0, 0, 3, 3, '2013-04-08 19:06:21', 2),
(321, 47, 13, 2, 2, 7, 0, '2013-04-08 19:06:26', 2),
(322, 48, 2, 0, 0, 0, 0, '2013-04-08 20:04:28', 0),
(323, 48, 1, 1, 1, 1, 2, '2013-04-08 20:04:33', 2),
(324, 48, 0, 0, 1, 0, 2, '2013-04-08 20:04:38', 0),
(325, 49, 0, 0, 0, 0, 0, '2013-04-08 20:11:05', 0),
(326, 49, 0, 0, 1, 0, 1, '2013-04-08 20:11:10', 0),
(327, 49, 0, 0, 0, 0, 3, '2013-04-08 20:11:15', 0),
(328, 49, 0, 0, 1, 0, 0, '2013-04-08 20:11:20', 0),
(329, 51, 9, 1, 0, 2, 0, '2013-04-08 20:11:33', 2),
(330, 51, 11, 1, 1, 4, 0, '2013-04-08 20:11:38', 2),
(331, 51, 10, 1, 0, 1, 0, '2013-04-08 20:11:43', 2),
(332, 51, 5, 1, 1, 2, 1, '2013-04-08 20:11:48', 2),
(333, 51, 7, 0, 1, 2, 1, '2013-04-08 20:11:53', 2),
(334, 51, 8, 2, 1, 2, 3, '2013-04-08 20:11:58', 2),
(335, 51, 7, 2, 0, 2, 1, '2013-04-08 20:12:03', 2),
(336, 52, 1, 0, 0, 0, 0, '2013-04-08 21:28:25', 0),
(337, 52, 10, 2, 1, 1, 1, '2013-04-08 21:28:30', 1),
(338, 52, 5, 2, 0, 1, 2, '2013-04-08 21:28:35', 1),
(339, 52, 3, 1, 0, 2, 2, '2013-04-08 21:28:40', 2),
(340, 52, 5, 1, 0, 4, 0, '2013-04-08 21:28:45', 2),
(341, 52, 5, 1, 0, 2, 1, '2013-04-08 21:28:50', 2),
(342, 52, 6, 2, 1, 3, 0, '2013-04-08 21:28:55', 2),
(343, 52, 4, 1, 1, 4, 0, '2013-04-08 21:29:00', 2),
(344, 53, 5, 1, 0, 2, 0, '2013-04-08 21:29:24', 2),
(345, 53, 4, 1, 0, 2, 0, '2013-04-08 21:29:29', 2),
(346, 53, 7, 1, 0, 3, 0, '2013-04-08 21:29:34', 2),
(347, 53, 9, 2, 0, 4, 0, '2013-04-08 21:29:39', 2),
(348, 53, 4, 2, 0, 3, 0, '2013-04-08 21:29:44', 2),
(349, 53, 6, 2, 0, 4, 0, '2013-04-08 21:29:49', 2),
(350, 53, 5, 0, 0, 3, 0, '2013-04-08 21:29:54', 2),
(351, 53, 8, 2, 0, 5, 0, '2013-04-08 21:29:59', 2),
(352, 53, 7, 3, 0, 3, 0, '2013-04-08 21:30:04', 2),
(353, 53, 6, 1, 0, 5, 0, '2013-04-08 21:30:09', 2),
(354, 54, 8, 2, 0, 2, 0, '2013-04-08 21:32:02', 2),
(355, 54, 4, 1, 0, 3, 0, '2013-04-08 21:32:07', 2),
(356, 54, 5, 1, 0, 4, 0, '2013-04-08 21:32:12', 2),
(357, 54, 7, 2, 0, 2, 0, '2013-04-08 21:32:17', 2),
(358, 54, 4, 2, 0, 3, 0, '2013-04-08 21:32:22', 2),
(359, 54, 4, 2, 0, 2, 0, '2013-04-08 21:32:27', 2),
(360, 54, 6, 0, 0, 5, 0, '2013-04-08 21:32:32', 2),
(361, 54, 9, 1, 0, 4, 0, '2013-04-08 21:32:37', 2),
(362, 54, 2, 2, 0, 1, 0, '2013-04-08 21:32:42', 1),
(363, 54, 4, 1, 1, 3, 3, '2013-04-08 21:32:47', 2),
(364, 55, 1, 0, 0, 1, 0, '2013-04-08 22:45:51', 2),
(365, 55, 3, 2, 1, 1, 0, '2013-04-08 22:45:56', 1),
(366, 55, 8, 1, 0, 3, 1, '2013-04-08 22:46:01', 2),
(367, 55, 6, 3, 0, 3, 0, '2013-04-08 22:46:06', 2),
(368, 55, 5, 0, 0, 3, 2, '2013-04-08 22:46:11', 2),
(369, 55, 8, 1, 1, 4, 0, '2013-04-08 22:46:16', 2),
(370, 55, 7, 1, 0, 3, 0, '2013-04-08 22:46:21', 2),
(371, 55, 9, 2, 1, 1, 0, '2013-04-08 22:46:26', 1),
(372, 55, 7, 2, 0, 5, 2, '2013-04-08 22:46:31', 2),
(373, 55, 7, 1, 0, 4, 0, '2013-04-08 22:46:36', 2),
(374, 55, 10, 1, 1, 4, 0, '2013-04-08 22:46:41', 2),
(375, 55, 9, 2, 1, 2, 1, '2013-04-08 22:46:46', 2),
(376, 56, 3, 1, 0, 0, 0, '2013-04-09 14:04:32', 1),
(377, 56, 2, 2, 0, 1, 2, '2013-04-09 14:04:36', 1),
(378, 57, 3, 2, 0, 0, 0, '2013-04-09 14:06:36', 1),
(379, 57, 6, 2, 0, 0, 0, '2013-04-09 14:06:41', 1),
(380, 57, 5, 1, 0, 3, 0, '2013-04-09 14:06:46', 2),
(381, 57, 5, 2, 0, 1, 0, '2013-04-09 14:06:51', 1),
(382, 57, 10, 0, 0, 2, 2, '2013-04-09 14:06:56', 2),
(383, 57, 9, 3, 0, 1, 1, '2013-04-09 14:07:01', 1),
(384, 57, 7, 1, 0, 5, 2, '2013-04-09 14:07:06', 2),
(385, 57, 10, 2, 0, 3, 1, '2013-04-09 14:07:11', 2),
(386, 57, 12, 1, 1, 5, 0, '2013-04-09 14:07:16', 2),
(387, 57, 10, 2, 1, 4, 0, '2013-04-09 14:07:21', 2),
(388, 57, 12, 3, 0, 4, 1, '2013-04-09 14:07:26', 2),
(389, 57, 17, 1, 0, 4, 0, '2013-04-09 14:07:32', 2),
(390, 57, 7, 3, 0, 4, 0, '2013-04-09 14:07:36', 2),
(391, 57, 14, 2, 0, 9, 0, '2013-04-09 14:07:41', 2),
(392, 59, 0, 0, 0, 0, 0, '2013-04-09 16:18:08', 0),
(393, 60, 0, 0, 0, 0, 0, '2013-04-12 15:55:41', 0),
(394, 60, 0, 0, 1, 0, 1, '2013-04-12 15:55:46', 0),
(395, 0, 0, 1, 0, 2, 0, '2013-04-14 17:00:00', 2),
(396, 0, 0, 3, 0, 2, 0, '2013-04-14 17:00:00', 1),
(397, 0, 0, 4, 0, 0, 0, '2013-04-14 17:00:00', 1),
(398, 0, 0, 3, 0, 3, 0, '2013-04-14 17:00:00', 2),
(399, 0, 0, 3, 0, 1, 0, '2013-04-14 17:00:00', 1),
(400, 0, 0, 4, 0, 3, 0, '2013-04-14 17:00:00', 1),
(401, 0, 0, 3, 0, 2, 0, '2013-04-14 17:00:00', 1),
(402, 0, 0, 3, 0, 2, 0, '2013-04-14 17:00:00', 1),
(403, 0, 0, 4, 0, 1, 0, '2013-04-14 17:00:00', 1),
(404, 0, 0, 4, 0, 0, 0, '2013-04-14 17:00:00', 1),
(405, 0, 0, 3, 0, 2, 0, '2013-04-14 17:00:00', 1),
(406, 0, 0, 1, 0, 1, 0, '2013-04-14 17:00:00', 2),
(407, 0, 0, 4, 0, 3, 0, '2013-04-14 17:00:00', 1),
(408, 0, 0, 4, 0, 0, 0, '2013-04-14 17:00:00', 1),
(409, 0, 0, 1, 0, 0, 0, '2013-04-14 17:00:00', 1),
(410, 0, 0, 1, 0, 0, 0, '2013-04-14 17:00:00', 1),
(411, 0, 0, 2, 0, 0, 0, '2013-04-14 17:00:00', 1),
(412, 0, 0, 4, 0, 0, 0, '2013-04-14 17:00:00', 1),
(413, 0, 0, 2, 0, 3, 0, '2013-04-14 17:00:00', 2),
(414, 0, 0, 1, 0, 3, 0, '2013-04-14 17:00:00', 2),
(415, 0, 0, 4, 0, 1, 0, '2013-04-14 17:00:00', 1),
(416, 0, 0, 4, 0, 1, 0, '2013-04-14 17:00:00', 1),
(417, 0, 0, 2, 0, 2, 0, '2013-04-14 17:00:00', 2),
(418, 0, 0, 4, 0, 1, 0, '2013-04-14 17:00:00', 1),
(419, 0, 0, 1, 0, 2, 0, '2013-04-14 17:00:00', 2),
(420, 0, 0, 4, 0, 2, 0, '2013-04-14 17:00:00', 1),
(421, 0, 0, 2, 0, 0, 0, '2013-04-14 17:00:00', 1),
(422, 0, 0, 4, 0, 1, 0, '2013-04-14 17:00:00', 1),
(423, 0, 0, 4, 0, 1, 0, '2013-04-14 17:00:00', 1),
(424, 0, 0, 2, 0, 0, 0, '2013-04-14 17:00:00', 1),
(425, 0, 0, 2, 0, 3, 0, '2013-04-14 17:00:00', 2),
(426, 0, 0, 2, 0, 0, 0, '2013-04-14 17:00:00', 1),
(427, 0, 0, 4, 0, 2, 0, '2013-04-14 17:00:00', 1),
(428, 0, 0, 4, 0, 2, 0, '2013-04-14 17:00:00', 1),
(429, 0, 0, 4, 0, 1, 0, '2013-04-14 17:00:00', 1),
(430, 0, 0, 2, 0, 1, 0, '2013-04-14 17:00:00', 1),
(431, 0, 0, 3, 0, 3, 0, '2013-04-14 17:00:00', 2),
(432, 0, 0, 4, 0, 1, 0, '2013-04-14 17:00:00', 1),
(433, 0, 0, 1, 0, 0, 0, '2013-04-14 17:00:00', 1),
(434, 0, 0, 2, 0, 1, 0, '2013-04-14 17:00:00', 1),
(435, 0, 0, 3, 0, 2, 0, '2013-04-14 17:00:00', 1),
(436, 0, 0, 3, 0, 3, 0, '2013-04-14 17:00:00', 2),
(437, 0, 0, 3, 0, 3, 0, '2013-04-14 17:00:00', 2),
(438, 0, 0, 3, 0, 2, 0, '2013-04-14 17:00:00', 1),
(439, 0, 0, 2, 0, 1, 0, '2013-04-14 17:00:00', 1),
(440, 0, 0, 1, 0, 3, 0, '2013-04-14 17:00:00', 2),
(441, 0, 0, 3, 0, 0, 0, '2013-04-14 17:00:00', 1),
(442, 0, 0, 1, 0, 3, 0, '2013-04-14 17:00:00', 2),
(443, 0, 0, 3, 0, 3, 0, '2013-04-14 17:00:00', 2),
(444, 0, 0, 3, 0, 2, 0, '2013-04-14 17:00:00', 1),
(445, 0, 0, 4, 0, 3, 0, '2013-04-14 17:00:00', 1),
(446, 0, 0, 3, 0, 3, 0, '2013-04-14 17:00:00', 2),
(447, 0, 0, 1, 0, 2, 0, '2013-04-14 17:00:00', 2),
(448, 0, 0, 4, 0, 2, 0, '2013-04-14 17:00:00', 1),
(449, 0, 0, 4, 0, 0, 0, '2013-04-14 17:00:00', 1),
(450, 0, 0, 4, 0, 0, 0, '2013-04-14 17:00:00', 1),
(451, 0, 0, 2, 0, 0, 0, '2013-04-14 17:00:00', 1),
(452, 0, 0, 3, 0, 1, 0, '2013-04-14 17:00:00', 1),
(453, 0, 0, 2, 0, 2, 0, '2013-04-14 17:00:00', 2),
(454, 0, 0, 1, 0, 3, 0, '2013-04-14 17:00:00', 2),
(455, 0, 0, 2, 0, 2, 0, '2013-04-14 17:00:00', 2),
(456, 0, 0, 1, 0, 1, 0, '2013-04-14 17:00:00', 2),
(457, 0, 0, 3, 0, 3, 0, '2013-04-14 17:00:00', 2),
(458, 0, 0, 2, 0, 0, 0, '2013-04-14 17:00:00', 1),
(459, 0, 0, 3, 0, 1, 0, '2013-04-14 17:00:00', 1),
(460, 0, 0, 2, 0, 3, 0, '2013-04-14 17:00:00', 2),
(461, 0, 0, 2, 0, 2, 0, '2013-04-14 17:00:00', 2),
(462, 0, 0, 3, 0, 2, 0, '2013-04-14 17:00:00', 1),
(463, 0, 0, 1, 0, 3, 0, '2013-04-14 17:00:00', 2),
(464, 0, 0, 1, 0, 2, 0, '2013-04-14 17:00:00', 2),
(465, 0, 0, 2, 0, 1, 0, '2013-04-14 17:00:00', 1),
(466, 0, 0, 2, 0, 2, 0, '2013-04-14 17:00:00', 2),
(467, 0, 0, 1, 0, 1, 0, '2013-04-14 17:00:00', 2),
(468, 0, 0, 1, 0, 1, 0, '2013-04-14 17:00:00', 2),
(469, 0, 0, 2, 0, 3, 0, '2013-04-14 17:00:00', 2),
(470, 0, 0, 3, 0, 0, 0, '2013-04-14 17:00:00', 1),
(471, 0, 0, 4, 0, 2, 0, '2013-04-14 17:00:00', 1),
(472, 0, 0, 2, 0, 2, 0, '2013-04-14 17:00:00', 2),
(473, 0, 0, 4, 0, 0, 0, '2013-04-14 17:00:00', 1),
(474, 0, 0, 2, 0, 2, 0, '2013-04-14 17:00:00', 2),
(475, 0, 0, 1, 0, 2, 0, '2013-04-14 17:00:00', 2),
(476, 0, 0, 4, 0, 2, 0, '2013-04-14 17:00:00', 1),
(477, 0, 0, 1, 0, 2, 0, '2013-04-14 17:00:00', 2),
(478, 0, 0, 1, 0, 1, 0, '2013-04-14 17:00:00', 2),
(479, 0, 0, 4, 0, 1, 0, '2013-04-14 17:00:00', 1),
(480, 0, 0, 4, 0, 0, 0, '2013-04-14 17:00:00', 1),
(481, 0, 0, 4, 0, 1, 0, '2013-04-14 17:00:00', 1),
(482, 0, 0, 4, 0, 3, 0, '2013-04-14 17:00:00', 1),
(483, 0, 0, 2, 0, 3, 0, '2013-04-14 17:00:00', 2),
(484, 0, 0, 3, 0, 0, 0, '2013-04-14 17:00:00', 1),
(485, 0, 0, 4, 0, 3, 0, '2013-04-14 17:00:00', 1),
(486, 0, 0, 1, 0, 3, 0, '2013-04-14 17:00:00', 2),
(487, 0, 0, 3, 0, 3, 0, '2013-04-14 17:00:00', 2),
(488, 0, 0, 3, 0, 1, 0, '2013-04-14 17:00:00', 1),
(489, 0, 0, 2, 0, 1, 0, '2013-04-14 17:00:00', 1),
(490, 0, 0, 2, 0, 1, 0, '2013-04-14 17:00:00', 1),
(491, 0, 0, 3, 0, 2, 0, '2013-04-14 17:00:00', 1),
(492, 0, 0, 3, 0, 2, 0, '2013-04-14 17:00:00', 1),
(493, 0, 0, 3, 0, 3, 0, '2013-04-14 17:00:00', 2),
(494, 0, 0, 4, 0, 1, 0, '2013-04-14 17:00:00', 1);

-- --------------------------------------------------------

--
-- Table structure for table `slices_copy`
--

DROP TABLE IF EXISTS `slices_copy`;
CREATE TABLE IF NOT EXISTS `slices_copy` (
  `id` int(11) NOT NULL AUTO_INCREMENT,
  `game_id` int(11) NOT NULL,
  `shots` int(11) NOT NULL,
  `enemies_shot` int(11) NOT NULL,
  `enemies_avoided` int(11) NOT NULL,
  `rocks_shot` int(11) NOT NULL,
  `rocks_avoided` int(11) NOT NULL,
  `posteddate` datetime NOT NULL,
  `centroid_id` int(11) DEFAULT '-1',
  PRIMARY KEY (`id`)
) ENGINE=MyISAM  DEFAULT CHARSET=utf8 AUTO_INCREMENT=395 ;

--
-- Dumping data for table `slices_copy`
--

INSERT INTO `slices_copy` (`id`, `game_id`, `shots`, `enemies_shot`, `enemies_avoided`, `rocks_shot`, `rocks_avoided`, `posteddate`, `centroid_id`) VALUES
(1, 1, 0, 0, 0, 0, 0, '2013-04-08 15:01:39', 0),
(2, 1, 6, 1, 2, 3, 1, '2013-04-08 15:01:44', 1),
(3, 1, 13, 1, 1, 4, 0, '2013-04-08 15:01:49', 1),
(4, 1, 6, 1, 0, 3, 0, '2013-04-08 15:01:54', 1),
(5, 1, 4, 0, 1, 2, 0, '2013-04-08 15:01:59', 1),
(6, 1, 9, 1, 1, 3, 2, '2013-04-08 15:02:03', 1),
(7, 1, 7, 2, 0, 5, 0, '2013-04-08 15:02:09', 1),
(8, 1, 7, 1, 1, 4, 0, '2013-04-08 15:02:14', 1),
(9, 2, 0, 0, 0, 0, 0, '2013-04-08 15:02:14', 0),
(10, 2, 0, 0, 1, 0, 1, '2013-04-08 15:02:19', 0),
(11, 1, 11, 2, 1, 4, 0, '2013-04-08 15:02:19', 1),
(12, 1, 9, 2, 0, 4, 0, '2013-04-08 15:02:24', 1),
(13, 2, 0, 0, 1, 0, 2, '2013-04-08 15:02:24', 0),
(14, 2, 0, 0, 2, 0, 0, '2013-04-08 15:02:29', 0),
(15, 1, 10, 1, 0, 4, 0, '2013-04-08 15:02:31', 1),
(16, 1, 8, 0, 2, 5, 0, '2013-04-08 15:02:34', 1),
(17, 2, 0, 0, 2, 0, 3, '2013-04-08 15:02:34', 0),
(18, 1, 12, 2, 2, 6, 0, '2013-04-08 15:02:38', 1),
(19, 2, 0, 0, 1, 0, 1, '2013-04-08 15:02:39', 0),
(20, 1, 8, 2, 0, 6, 0, '2013-04-08 15:02:44', 1),
(21, 2, 0, 0, 2, 0, 3, '2013-04-08 15:02:44', 0),
(22, 1, 12, 0, 1, 8, 0, '2013-04-08 15:02:48', 1),
(23, 1, 9, 1, 2, 7, 1, '2013-04-08 15:02:53', 1),
(24, 3, 0, 0, 0, 0, 0, '2013-04-08 15:02:54', 0),
(25, 1, 7, 0, 2, 8, 0, '2013-04-08 15:02:59', 1),
(26, 3, 0, 0, 2, 0, 1, '2013-04-08 15:02:59', 0),
(27, 3, 0, 0, 1, 0, 4, '2013-04-08 15:03:04', 0),
(28, 1, 6, 2, 1, 4, 0, '2013-04-08 15:03:05', 1),
(29, 3, 0, 0, 1, 0, 3, '2013-04-08 15:03:09', 0),
(30, 3, 0, 0, 2, 0, 3, '2013-04-08 15:03:14', 0),
(31, 3, 0, 0, 1, 0, 4, '2013-04-08 15:03:19', 0),
(32, 3, 0, 0, 2, 0, 3, '2013-04-08 15:03:24', 0),
(33, 3, 0, 0, 2, 0, 3, '2013-04-08 15:03:29', 0),
(34, 3, 0, 0, 0, 0, 2, '2013-04-08 15:03:34', 0),
(35, 3, 0, 0, 2, 0, 4, '2013-04-08 15:03:39', 0),
(36, 5, 0, 0, 0, 0, 0, '2013-04-08 15:03:44', 0),
(37, 5, 0, 0, 1, 0, 1, '2013-04-08 15:03:49', 0),
(38, 6, 0, 0, 0, 0, 0, '2013-04-08 15:03:50', 0),
(39, 7, 0, 0, 0, 0, 0, '2013-04-08 15:03:53', 0),
(40, 5, 0, 0, 1, 0, 2, '2013-04-08 15:03:54', 0),
(41, 6, 0, 0, 1, 0, 0, '2013-04-08 15:03:55', 0),
(42, 7, 0, 0, 2, 0, 2, '2013-04-08 15:03:58', 0),
(43, 5, 0, 0, 2, 0, 2, '2013-04-08 15:03:59', 0),
(44, 6, 0, 0, 1, 0, 4, '2013-04-08 15:04:00', 0),
(45, 8, 2, 0, 0, 1, 0, '2013-04-08 15:04:02', 1),
(46, 7, 0, 0, 1, 0, 3, '2013-04-08 15:04:03', 0),
(47, 6, 0, 0, 2, 0, 2, '2013-04-08 15:04:05', 0),
(48, 8, 9, 0, 1, 3, 1, '2013-04-08 15:04:07', 1),
(49, 9, 4, 1, 0, 1, 0, '2013-04-08 15:04:07', 2),
(50, 7, 0, 0, 1, 0, 2, '2013-04-08 15:04:08', 0),
(51, 6, 0, 0, 2, 0, 3, '2013-04-08 15:04:10', 0),
(52, 8, 8, 2, 1, 4, 0, '2013-04-08 15:04:12', 1),
(53, 9, 11, 1, 1, 4, 0, '2013-04-08 15:04:12', 1),
(54, 7, 0, 0, 2, 0, 3, '2013-04-08 15:04:13', 0),
(55, 6, 0, 0, 0, 0, 2, '2013-04-08 15:04:15', 0),
(56, 8, 5, 1, 0, 2, 0, '2013-04-08 15:04:17', 1),
(57, 9, 10, 2, 0, 3, 0, '2013-04-08 15:04:17', 1),
(58, 7, 0, 0, 1, 0, 1, '2013-04-08 15:04:18', 0),
(59, 10, 0, 0, 0, 0, 0, '2013-04-08 15:04:21', 0),
(60, 8, 9, 2, 0, 4, 0, '2013-04-08 15:04:22', 1),
(61, 9, 8, 1, 0, 3, 0, '2013-04-08 15:04:22', 1),
(62, 10, 0, 0, 1, 0, 1, '2013-04-08 15:04:27', 0),
(63, 8, 12, 2, 0, 4, 0, '2013-04-08 15:04:27', 1),
(64, 9, 8, 0, 0, 2, 0, '2013-04-08 15:04:27', 1),
(65, 12, 5, 0, 0, 2, 0, '2013-04-08 15:04:31', 1),
(66, 10, 0, 0, 1, 0, 3, '2013-04-08 15:04:31', 0),
(67, 9, 6, 0, 0, 2, 0, '2013-04-08 15:04:32', 1),
(68, 12, 15, 2, 1, 1, 0, '2013-04-08 15:04:36', 2),
(69, 10, 0, 0, 2, 0, 3, '2013-04-08 15:04:36', 0),
(70, 9, 5, 1, 1, 3, 0, '2013-04-08 15:04:37', 1),
(71, 12, 28, 0, 1, 0, 3, '2013-04-08 15:04:41', 0),
(72, 10, 0, 0, 2, 0, 3, '2013-04-08 15:04:41', 0),
(73, 12, 11, 0, 1, 1, 2, '2013-04-08 15:04:46', 1),
(74, 10, 0, 0, 1, 0, 3, '2013-04-08 15:04:46', 0),
(75, 13, 0, 0, 0, 0, 0, '2013-04-08 15:04:47', 0),
(76, 12, 15, 0, 2, 2, 3, '2013-04-08 15:04:51', 1),
(77, 10, 0, 0, 2, 0, 2, '2013-04-08 15:04:52', 0),
(78, 13, 0, 0, 1, 0, 1, '2013-04-08 15:04:52', 0),
(79, 12, 14, 1, 1, 1, 2, '2013-04-08 15:04:56', 2),
(80, 10, 0, 0, 2, 0, 2, '2013-04-08 15:04:57', 0),
(81, 13, 0, 0, 1, 0, 3, '2013-04-08 15:04:57', 0),
(82, 12, 23, 1, 1, 3, 1, '2013-04-08 15:05:01', 1),
(83, 10, 0, 0, 2, 0, 5, '2013-04-08 15:05:02', 0),
(84, 13, 0, 0, 2, 0, 3, '2013-04-08 15:05:02', 0),
(85, 12, 20, 1, 2, 2, 2, '2013-04-08 15:05:06', 1),
(86, 13, 0, 0, 2, 0, 2, '2013-04-08 15:05:07', 0),
(87, 12, 22, 0, 0, 1, 2, '2013-04-08 15:05:11', 1),
(88, 13, 0, 0, 1, 0, 4, '2013-04-08 15:05:12', 0),
(89, 12, 26, 0, 3, 0, 4, '2013-04-08 15:05:16', 0),
(90, 13, 0, 0, 2, 0, 3, '2013-04-08 15:05:17', 0),
(91, 12, 13, 0, 2, 3, 2, '2013-04-08 15:05:21', 1),
(92, 13, 0, 0, 2, 0, 4, '2013-04-08 15:05:22', 0),
(93, 12, 16, 1, 2, 6, 3, '2013-04-08 15:05:26', 1),
(94, 12, 18, 1, 1, 3, 0, '2013-04-08 15:05:31', 1),
(95, 12, 16, 1, 1, 6, 1, '2013-04-08 15:05:36', 1),
(96, 12, 18, 1, 2, 2, 3, '2013-04-08 15:05:41', 1),
(97, 12, 20, 0, 1, 2, 2, '2013-04-08 15:05:46', 1),
(98, 12, 17, 1, 2, 7, 4, '2013-04-08 15:05:51', 1),
(99, 12, 18, 0, 2, 6, 2, '2013-04-08 15:05:56', 1),
(100, 14, 6, 1, 0, 0, 0, '2013-04-08 15:06:51', 2),
(101, 14, 3, 1, 1, 4, 0, '2013-04-08 15:06:56', 1),
(102, 14, 0, 0, 0, 0, 1, '2013-04-08 15:07:02', 0),
(103, 14, 0, 0, 2, 0, 2, '2013-04-08 15:07:06', 0),
(104, 14, 0, 0, 2, 0, 1, '2013-04-08 15:07:11', 0),
(105, 14, 0, 0, 1, 0, 3, '2013-04-08 15:07:16', 0),
(106, 14, 0, 0, 1, 0, 2, '2013-04-08 15:07:21', 0),
(107, 15, 0, 0, 0, 0, 0, '2013-04-08 15:07:33', 0),
(108, 15, 0, 0, 2, 0, 2, '2013-04-08 15:07:39', 0),
(109, 15, 0, 0, 1, 0, 2, '2013-04-08 15:07:44', 0),
(110, 16, 0, 0, 0, 0, 0, '2013-04-08 15:07:54', 0),
(111, 17, 0, 0, 0, 0, 0, '2013-04-08 15:08:55', 0),
(112, 17, 0, 0, 1, 0, 0, '2013-04-08 15:08:59', 0),
(113, 18, 2, 0, 0, 2, 0, '2013-04-08 15:09:02', 1),
(114, 17, 4, 0, 2, 1, 1, '2013-04-08 15:09:04', 1),
(115, 18, 2, 1, 1, 1, 0, '2013-04-08 15:09:07', 2),
(116, 17, 9, 2, 1, 3, 3, '2013-04-08 15:09:09', 1),
(117, 18, 2, 0, 0, 2, 1, '2013-04-08 15:09:12', 1),
(118, 17, 10, 2, 0, 3, 0, '2013-04-08 15:09:15', 1),
(119, 18, 10, 1, 2, 2, 2, '2013-04-08 15:09:17', 1),
(120, 17, 6, 1, 0, 5, 0, '2013-04-08 15:09:19', 1),
(121, 18, 14, 2, 0, 3, 0, '2013-04-08 15:09:22', 1),
(122, 17, 9, 2, 0, 3, 0, '2013-04-08 15:09:24', 1),
(123, 18, 8, 1, 0, 1, 2, '2013-04-08 15:09:27', 2),
(124, 17, 13, 3, 0, 5, 0, '2013-04-08 15:09:29', 1),
(125, 18, 14, 3, 0, 6, 0, '2013-04-08 15:09:32', 1),
(126, 17, 12, 1, 0, 5, 0, '2013-04-08 15:09:34', 1),
(127, 18, 11, 2, 0, 4, 0, '2013-04-08 15:09:38', 1),
(128, 17, 9, 2, 0, 4, 0, '2013-04-08 15:09:39', 1),
(129, 18, 8, 1, 0, 1, 0, '2013-04-08 15:09:42', 2),
(130, 17, 9, 1, 0, 3, 0, '2013-04-08 15:09:44', 1),
(131, 18, 3, 0, 2, 0, 3, '2013-04-08 15:09:47', 0),
(132, 17, 15, 3, 1, 6, 0, '2013-04-08 15:09:49', 1),
(133, 18, 5, 0, 2, 2, 3, '2013-04-08 15:09:52', 1),
(134, 17, 20, 2, 0, 6, 0, '2013-04-08 15:09:54', 1),
(135, 18, 5, 0, 2, 1, 3, '2013-04-08 15:09:57', 1),
(136, 17, 9, 2, 0, 5, 0, '2013-04-08 15:10:00', 1),
(137, 18, 12, 2, 1, 4, 2, '2013-04-08 15:10:02', 1),
(138, 17, 9, 1, 1, 7, 0, '2013-04-08 15:10:04', 1),
(139, 18, 8, 2, 1, 3, 2, '2013-04-08 15:10:07', 1),
(140, 17, 13, 3, 0, 7, 0, '2013-04-08 15:10:09', 1),
(141, 18, 9, 2, 1, 5, 4, '2013-04-08 15:10:12', 1),
(142, 17, 15, 1, 1, 6, 0, '2013-04-08 15:10:14', 1),
(143, 17, 10, 2, 0, 6, 0, '2013-04-08 15:10:19', 1),
(144, 19, 3, 1, 0, 0, 0, '2013-04-08 15:10:50', 2),
(145, 19, 0, 0, 0, 0, 2, '2013-04-08 15:10:55', 0),
(146, 19, 8, 2, 0, 1, 2, '2013-04-08 15:11:00', 2),
(147, 19, 3, 0, 0, 0, 2, '2013-04-08 15:11:05', 0),
(148, 20, 0, 0, 0, 0, 0, '2013-04-08 15:11:06', 0),
(149, 21, 6, 1, 0, 1, 0, '2013-04-08 15:11:11', 2),
(150, 20, 0, 0, 2, 0, 2, '2013-04-08 15:11:11', 0),
(151, 21, 9, 2, 0, 4, 2, '2013-04-08 15:11:16', 1),
(152, 20, 0, 0, 1, 0, 3, '2013-04-08 15:11:16', 0),
(153, 20, 0, 0, 2, 0, 2, '2013-04-08 15:11:21', 0),
(154, 21, 3, 1, 1, 1, 0, '2013-04-08 15:11:26', 2),
(155, 21, 0, 0, 0, 0, 0, '2013-04-08 15:11:28', 0),
(156, 20, 0, 0, 2, 0, 3, '2013-04-08 15:11:30', 0),
(157, 20, 0, 0, 1, 0, 4, '2013-04-08 15:11:31', 0),
(158, 20, 0, 0, 1, 0, 1, '2013-04-08 15:11:36', 0),
(159, 22, 0, 0, 0, 0, 0, '2013-04-08 15:14:41', 0),
(160, 22, 0, 0, 2, 0, 0, '2013-04-08 15:14:47', 0),
(161, 22, 0, 0, 1, 0, 3, '2013-04-08 15:14:51', 0),
(162, 23, 6, 1, 0, 2, 0, '2013-04-08 15:19:23', 1),
(163, 23, 10, 2, 0, 4, 0, '2013-04-08 15:19:28', 1),
(164, 23, 11, 2, 0, 3, 0, '2013-04-08 15:19:33', 1),
(165, 23, 11, 2, 0, 4, 0, '2013-04-08 15:19:38', 1),
(166, 23, 8, 2, 0, 3, 0, '2013-04-08 15:19:43', 1),
(167, 23, 10, 1, 0, 3, 0, '2013-04-08 15:19:48', 1),
(168, 23, 8, 2, 0, 4, 0, '2013-04-08 15:19:53', 1),
(169, 23, 14, 2, 0, 6, 0, '2013-04-08 15:19:58', 1),
(170, 23, 8, 2, 0, 3, 0, '2013-04-08 15:20:03', 1),
(171, 23, 10, 2, 0, 5, 0, '2013-04-08 15:20:08', 1),
(172, 24, 0, 0, 0, 0, 0, '2013-04-08 15:20:11', 0),
(173, 23, 7, 2, 0, 3, 0, '2013-04-08 15:20:13', 1),
(174, 24, 3, 0, 1, 0, 2, '2013-04-08 15:20:16', 0),
(175, 23, 12, 2, 1, 6, 0, '2013-04-08 15:20:18', 1),
(176, 24, 8, 1, 1, 2, 3, '2013-04-08 15:20:21', 1),
(177, 23, 9, 2, 0, 4, 0, '2013-04-08 15:20:23', 1),
(178, 24, 9, 0, 0, 5, 0, '2013-04-08 15:20:26', 1),
(179, 23, 16, 3, 0, 7, 0, '2013-04-08 15:20:28', 1),
(180, 24, 10, 1, 2, 3, 0, '2013-04-08 15:20:31', 1),
(181, 23, 13, 1, 0, 9, 0, '2013-04-08 15:20:33', 1),
(182, 24, 5, 1, 0, 1, 0, '2013-04-08 15:20:36', 2),
(183, 23, 13, 2, 1, 8, 0, '2013-04-08 15:20:38', 1),
(184, 23, 5, 1, 0, 4, 0, '2013-04-08 15:20:43', 1),
(185, 23, 11, 2, 2, 6, 0, '2013-04-08 15:20:48', 1),
(186, 25, 0, 0, 0, 0, 0, '2013-04-08 15:23:21', 0),
(187, 25, 0, 0, 1, 0, 2, '2013-04-08 15:23:25', 0),
(188, 25, 0, 0, 1, 0, 0, '2013-04-08 15:23:31', 0),
(189, 25, 0, 0, 2, 0, 2, '2013-04-08 15:23:36', 0),
(190, 25, 0, 0, 2, 0, 4, '2013-04-08 15:23:40', 0),
(191, 25, 0, 0, 1, 0, 2, '2013-04-08 15:23:46', 0),
(192, 25, 0, 0, 2, 0, 3, '2013-04-08 15:23:50', 0),
(193, 25, 0, 0, 2, 0, 1, '2013-04-08 15:23:56', 0),
(194, 26, 0, 0, 0, 0, 0, '2013-04-08 15:24:05', 0),
(195, 26, 0, 0, 2, 0, 2, '2013-04-08 15:24:10', 0),
(196, 27, 0, 0, 0, 0, 0, '2013-04-08 15:24:49', 0),
(197, 27, 1, 0, 1, 1, 1, '2013-04-08 15:24:54', 1),
(198, 27, 1, 0, 1, 1, 1, '2013-04-08 15:25:00', 1),
(199, 28, 0, 0, 0, 0, 0, '2013-04-08 15:25:02', 0),
(200, 27, 4, 0, 2, 3, 2, '2013-04-08 15:25:04', 1),
(201, 28, 3, 0, 2, 0, 0, '2013-04-08 15:25:07', 0),
(202, 27, 3, 0, 2, 3, 1, '2013-04-08 15:25:09', 1),
(203, 28, 3, 0, 0, 1, 4, '2013-04-08 15:25:12', 1),
(204, 27, 5, 0, 0, 3, 0, '2013-04-08 15:25:15', 1),
(205, 28, 2, 0, 1, 1, 0, '2013-04-08 15:25:17', 1),
(206, 27, 1, 0, 2, 1, 1, '2013-04-08 15:25:19', 1),
(207, 28, 2, 0, 2, 2, 1, '2013-04-08 15:25:22', 1),
(208, 27, 9, 0, 0, 7, 0, '2013-04-08 15:25:24', 1),
(209, 29, 0, 0, 0, 0, 0, '2013-04-08 15:32:03', 0),
(210, 30, 0, 0, 0, 0, 0, '2013-04-08 15:32:04', 0),
(211, 30, 0, 0, 2, 0, 2, '2013-04-08 15:32:09', 0),
(212, 30, 0, 0, 0, 0, 3, '2013-04-08 15:32:14', 0),
(213, 31, 2, 1, 0, 1, 0, '2013-04-08 15:32:14', 2),
(214, 31, 3, 0, 1, 2, 1, '2013-04-08 15:32:19', 1),
(215, 31, 4, 0, 1, 1, 1, '2013-04-08 15:32:24', 1),
(216, 31, 2, 1, 1, 0, 1, '2013-04-08 15:32:29', 2),
(217, 31, 5, 1, 1, 4, 4, '2013-04-08 15:32:34', 1),
(218, 33, 0, 0, 0, 0, 0, '2013-04-08 15:32:37', 0),
(219, 31, 7, 1, 0, 3, 0, '2013-04-08 15:32:39', 1),
(220, 34, 0, 0, 0, 0, 0, '2013-04-08 15:32:40', 0),
(221, 33, 7, 1, 2, 1, 1, '2013-04-08 15:32:42', 2),
(222, 31, 4, 1, 0, 1, 0, '2013-04-08 15:32:44', 2),
(223, 34, 0, 0, 1, 0, 0, '2013-04-08 15:32:45', 0),
(224, 33, 9, 1, 0, 0, 2, '2013-04-08 15:32:46', 2),
(225, 31, 6, 1, 1, 2, 2, '2013-04-08 15:32:49', 1),
(226, 33, 8, 0, 1, 2, 3, '2013-04-08 15:32:51', 1),
(227, 31, 0, 1, 1, 0, 3, '2013-04-08 15:32:54', 2),
(228, 33, 9, 0, 2, 2, 1, '2013-04-08 15:32:57', 1),
(229, 33, 11, 1, 1, 1, 3, '2013-04-08 15:33:01', 2),
(230, 33, 11, 0, 1, 2, 2, '2013-04-08 15:33:06', 1),
(231, 33, 7, 1, 2, 0, 2, '2013-04-08 15:33:12', 2),
(232, 33, 7, 0, 1, 1, 2, '2013-04-08 15:33:16', 1),
(233, 33, 8, 3, 2, 0, 4, '2013-04-08 15:33:21', 2),
(234, 35, 0, 0, 0, 0, 0, '2013-04-08 15:34:08', 0),
(235, 35, 0, 0, 2, 0, 2, '2013-04-08 15:34:12', 0),
(236, 35, 0, 0, 0, 0, 1, '2013-04-08 15:34:18', 0),
(237, 36, 7, 1, 0, 2, 0, '2013-04-08 15:38:07', 1),
(238, 36, 10, 1, 1, 2, 0, '2013-04-08 15:38:12', 1),
(239, 36, 18, 2, 0, 4, 0, '2013-04-08 15:38:17', 1),
(240, 36, 16, 2, 0, 3, 0, '2013-04-08 15:38:22', 1),
(241, 36, 11, 1, 0, 5, 0, '2013-04-08 15:38:27', 1),
(242, 36, 8, 1, 0, 4, 0, '2013-04-08 15:38:32', 1),
(243, 36, 9, 3, 0, 2, 0, '2013-04-08 15:38:37', 2),
(244, 36, 10, 1, 0, 5, 0, '2013-04-08 15:38:42', 1),
(245, 36, 10, 4, 0, 3, 0, '2013-04-08 15:38:47', 2),
(246, 36, 12, 1, 0, 5, 0, '2013-04-08 15:38:52', 1),
(247, 36, 14, 3, 0, 4, 0, '2013-04-08 15:38:57', 1),
(248, 37, 0, 0, 0, 0, 0, '2013-04-08 15:38:58', 0),
(249, 36, 12, 1, 0, 3, 0, '2013-04-08 15:39:02', 1),
(250, 37, 0, 0, 2, 0, 0, '2013-04-08 15:39:03', 0),
(251, 36, 14, 2, 1, 4, 2, '2013-04-08 15:39:07', 1),
(252, 37, 0, 0, 3, 0, 5, '2013-04-08 15:39:12', 0),
(253, 36, 11, 3, 0, 1, 0, '2013-04-08 15:39:12', 2),
(254, 37, 0, 0, 0, 0, 1, '2013-04-08 15:39:13', 0),
(255, 36, 9, 1, 0, 8, 5, '2013-04-08 15:39:17', 1),
(256, 36, 12, 3, 0, 4, 0, '2013-04-08 15:39:22', 1),
(257, 37, 0, 0, 1, 0, 4, '2013-04-08 15:39:53', 0),
(258, 37, 0, 0, 0, 0, 0, '2013-04-08 15:39:53', 0),
(259, 37, 0, 0, 0, 0, 0, '2013-04-08 15:39:53', 0),
(260, 37, 0, 0, 0, 0, 0, '2013-04-08 15:39:53', 0),
(261, 37, 0, 0, 0, 0, 0, '2013-04-08 15:39:53', 0),
(262, 37, 0, 0, 0, 0, 0, '2013-04-08 15:39:53', 0),
(263, 37, 0, 0, 0, 0, 0, '2013-04-08 15:39:53', 0),
(264, 37, 0, 0, 0, 0, 0, '2013-04-08 15:39:53', 0),
(265, 38, 1, 0, 0, 0, 0, '2013-04-08 15:45:46', 0),
(266, 38, 1, 0, 2, 1, 1, '2013-04-08 15:45:51', 1),
(267, 38, 5, 2, 1, 1, 2, '2013-04-08 15:45:56', 2),
(268, 38, 3, 0, 1, 1, 2, '2013-04-08 15:46:01', 1),
(269, 38, 1, 0, 2, 0, 2, '2013-04-08 15:46:07', 0),
(270, 38, 4, 0, 1, 2, 2, '2013-04-08 15:46:11', 1),
(271, 38, 3, 1, 2, 0, 2, '2013-04-08 15:46:16', 2),
(272, 38, 5, 0, 1, 1, 3, '2013-04-08 15:46:21', 1),
(273, 38, 2, 1, 2, 0, 2, '2013-04-08 15:46:26', 2),
(274, 38, 0, 0, 1, 0, 5, '2013-04-08 15:46:31', 0),
(275, 38, 1, 0, 1, 0, 4, '2013-04-08 15:46:37', 0),
(276, 38, 6, 0, 2, 2, 2, '2013-04-08 15:46:42', 1),
(277, 38, 5, 0, 2, 1, 4, '2013-04-08 15:46:46', 1),
(278, 38, 4, 0, 2, 4, 4, '2013-04-08 15:46:51', 1),
(279, 38, 5, 0, 3, 1, 2, '2013-04-08 15:46:56', 1),
(280, 39, 0, 0, 0, 0, 0, '2013-04-08 16:07:31', 0),
(281, 40, 0, 0, 0, 0, 0, '2013-04-08 16:30:21', 0),
(282, 41, 3, 1, 0, 2, 0, '2013-04-08 16:30:34', 1),
(283, 41, 3, 0, 0, 3, 0, '2013-04-08 16:30:39', 1),
(284, 41, 2, 2, 0, 0, 1, '2013-04-08 16:30:44', 2),
(285, 41, 7, 1, 0, 4, 0, '2013-04-08 16:30:49', 1),
(286, 41, 7, 1, 0, 2, 0, '2013-04-08 16:30:54', 1),
(287, 41, 5, 0, 0, 4, 1, '2013-04-08 16:30:59', 1),
(288, 43, 0, 0, 0, 0, 0, '2013-04-08 17:27:49', 0),
(289, 43, 9, 2, 1, 1, 1, '2013-04-08 17:27:54', 2),
(290, 43, 7, 0, 1, 4, 2, '2013-04-08 17:27:59', 1),
(291, 43, 4, 0, 1, 1, 0, '2013-04-08 17:28:04', 1),
(292, 43, 9, 2, 2, 1, 2, '2013-04-08 17:28:09', 2),
(293, 43, 11, 0, 0, 3, 2, '2013-04-08 17:28:14', 1),
(294, 43, 6, 1, 1, 1, 1, '2013-04-08 17:28:19', 2),
(295, 43, 12, 0, 1, 4, 2, '2013-04-08 17:28:26', 1),
(296, 43, 14, 3, 1, 3, 2, '2013-04-08 17:28:29', 2),
(297, 43, 14, 2, 0, 3, 0, '2013-04-08 17:28:34', 1),
(298, 43, 12, 0, 1, 3, 1, '2013-04-08 17:28:39', 1),
(299, 44, 0, 0, 0, 0, 0, '2013-04-08 17:58:43', 0),
(300, 45, 4, 0, 0, 2, 0, '2013-04-08 17:58:58', 1),
(301, 45, 11, 3, 1, 4, 0, '2013-04-08 17:59:01', 1),
(302, 45, 13, 1, 0, 2, 0, '2013-04-08 17:59:06', 1),
(303, 45, 16, 1, 0, 3, 0, '2013-04-08 17:59:11', 1),
(304, 45, 10, 1, 1, 3, 1, '2013-04-08 17:59:16', 1),
(305, 45, 15, 2, 0, 2, 1, '2013-04-08 17:59:21', 2),
(306, 45, 15, 1, 0, 4, 0, '2013-04-08 17:59:26', 1),
(307, 45, 14, 2, 0, 5, 0, '2013-04-08 17:59:31', 1),
(308, 46, 8, 0, 0, 2, 0, '2013-04-08 18:41:52', 1),
(309, 46, 3, 1, 1, 4, 0, '2013-04-08 18:41:57', 1),
(310, 46, 3, 0, 1, 2, 0, '2013-04-08 18:42:02', 1),
(311, 46, 17, 1, 1, 0, 1, '2013-04-08 18:42:07', 2),
(312, 46, 13, 2, 1, 5, 2, '2013-04-08 18:42:12', 1),
(313, 46, 10, 2, 0, 2, 1, '2013-04-08 18:42:17', 2),
(314, 46, 12, 1, 0, 3, 0, '2013-04-08 18:42:22', 1),
(315, 47, 0, 0, 0, 0, 0, '2013-04-08 19:05:56', 0),
(316, 47, 0, 0, 1, 0, 0, '2013-04-08 19:06:01', 0),
(317, 47, 0, 0, 1, 0, 0, '2013-04-08 19:06:06', 0),
(318, 47, 5, 1, 2, 2, 1, '2013-04-08 19:06:11', 1),
(319, 47, 15, 2, 0, 1, 1, '2013-04-08 19:06:16', 2),
(320, 47, 9, 0, 0, 3, 3, '2013-04-08 19:06:21', 1),
(321, 47, 13, 2, 2, 7, 0, '2013-04-08 19:06:26', 1),
(322, 48, 2, 0, 0, 0, 0, '2013-04-08 20:04:28', 0),
(323, 48, 1, 1, 1, 1, 2, '2013-04-08 20:04:33', 2),
(324, 48, 0, 0, 1, 0, 2, '2013-04-08 20:04:38', 0),
(325, 49, 0, 0, 0, 0, 0, '2013-04-08 20:11:05', 0),
(326, 49, 0, 0, 1, 0, 1, '2013-04-08 20:11:10', 0),
(327, 49, 0, 0, 0, 0, 3, '2013-04-08 20:11:15', 0),
(328, 49, 0, 0, 1, 0, 0, '2013-04-08 20:11:20', 0),
(329, 51, 9, 1, 0, 2, 0, '2013-04-08 20:11:33', 1),
(330, 51, 11, 1, 1, 4, 0, '2013-04-08 20:11:38', 1),
(331, 51, 10, 1, 0, 1, 0, '2013-04-08 20:11:43', 2),
(332, 51, 5, 1, 1, 2, 1, '2013-04-08 20:11:48', 1),
(333, 51, 7, 0, 1, 2, 1, '2013-04-08 20:11:53', 1),
(334, 51, 8, 2, 1, 2, 3, '2013-04-08 20:11:58', 2),
(335, 51, 7, 2, 0, 2, 1, '2013-04-08 20:12:03', 2),
(336, 52, 1, 0, 0, 0, 0, '2013-04-08 21:28:25', 0),
(337, 52, 10, 2, 1, 1, 1, '2013-04-08 21:28:30', 2),
(338, 52, 5, 2, 0, 1, 2, '2013-04-08 21:28:35', 2),
(339, 52, 3, 1, 0, 2, 2, '2013-04-08 21:28:40', 1),
(340, 52, 5, 1, 0, 4, 0, '2013-04-08 21:28:45', 1),
(341, 52, 5, 1, 0, 2, 1, '2013-04-08 21:28:50', 1),
(342, 52, 6, 2, 1, 3, 0, '2013-04-08 21:28:55', 1),
(343, 52, 4, 1, 1, 4, 0, '2013-04-08 21:29:00', 1),
(344, 53, 5, 1, 0, 2, 0, '2013-04-08 21:29:24', 1),
(345, 53, 4, 1, 0, 2, 0, '2013-04-08 21:29:29', 1),
(346, 53, 7, 1, 0, 3, 0, '2013-04-08 21:29:34', 1),
(347, 53, 9, 2, 0, 4, 0, '2013-04-08 21:29:39', 1),
(348, 53, 4, 2, 0, 3, 0, '2013-04-08 21:29:44', 1),
(349, 53, 6, 2, 0, 4, 0, '2013-04-08 21:29:49', 1),
(350, 53, 5, 0, 0, 3, 0, '2013-04-08 21:29:54', 1),
(351, 53, 8, 2, 0, 5, 0, '2013-04-08 21:29:59', 1),
(352, 53, 7, 3, 0, 3, 0, '2013-04-08 21:30:04', 2),
(353, 53, 6, 1, 0, 5, 0, '2013-04-08 21:30:09', 1),
(354, 54, 8, 2, 0, 2, 0, '2013-04-08 21:32:02', 2),
(355, 54, 4, 1, 0, 3, 0, '2013-04-08 21:32:07', 1),
(356, 54, 5, 1, 0, 4, 0, '2013-04-08 21:32:12', 1),
(357, 54, 7, 2, 0, 2, 0, '2013-04-08 21:32:17', 2),
(358, 54, 4, 2, 0, 3, 0, '2013-04-08 21:32:22', 1),
(359, 54, 4, 2, 0, 2, 0, '2013-04-08 21:32:27', 2),
(360, 54, 6, 0, 0, 5, 0, '2013-04-08 21:32:32', 1),
(361, 54, 9, 1, 0, 4, 0, '2013-04-08 21:32:37', 1),
(362, 54, 2, 2, 0, 1, 0, '2013-04-08 21:32:42', 2),
(363, 54, 4, 1, 1, 3, 3, '2013-04-08 21:32:47', 1),
(364, 55, 1, 0, 0, 1, 0, '2013-04-08 22:45:51', 1),
(365, 55, 3, 2, 1, 1, 0, '2013-04-08 22:45:56', 2),
(366, 55, 8, 1, 0, 3, 1, '2013-04-08 22:46:01', 1),
(367, 55, 6, 3, 0, 3, 0, '2013-04-08 22:46:06', 2),
(368, 55, 5, 0, 0, 3, 2, '2013-04-08 22:46:11', 1),
(369, 55, 8, 1, 1, 4, 0, '2013-04-08 22:46:16', 1),
(370, 55, 7, 1, 0, 3, 0, '2013-04-08 22:46:21', 1),
(371, 55, 9, 2, 1, 1, 0, '2013-04-08 22:46:26', 2),
(372, 55, 7, 2, 0, 5, 2, '2013-04-08 22:46:31', 1),
(373, 55, 7, 1, 0, 4, 0, '2013-04-08 22:46:36', 1),
(374, 55, 10, 1, 1, 4, 0, '2013-04-08 22:46:41', 1),
(375, 55, 9, 2, 1, 2, 1, '2013-04-08 22:46:46', 2),
(376, 56, 3, 1, 0, 0, 0, '2013-04-09 14:04:32', 2),
(377, 56, 2, 2, 0, 1, 2, '2013-04-09 14:04:36', 2),
(378, 57, 3, 2, 0, 0, 0, '2013-04-09 14:06:36', 2),
(379, 57, 6, 2, 0, 0, 0, '2013-04-09 14:06:41', 2),
(380, 57, 5, 1, 0, 3, 0, '2013-04-09 14:06:46', 1),
(381, 57, 5, 2, 0, 1, 0, '2013-04-09 14:06:51', 2),
(382, 57, 10, 0, 0, 2, 2, '2013-04-09 14:06:56', 1),
(383, 57, 9, 3, 0, 1, 1, '2013-04-09 14:07:01', 2),
(384, 57, 7, 1, 0, 5, 2, '2013-04-09 14:07:06', 1),
(385, 57, 10, 2, 0, 3, 1, '2013-04-09 14:07:11', 1),
(386, 57, 12, 1, 1, 5, 0, '2013-04-09 14:07:16', 1),
(387, 57, 10, 2, 1, 4, 0, '2013-04-09 14:07:21', 1),
(388, 57, 12, 3, 0, 4, 1, '2013-04-09 14:07:26', 1),
(389, 57, 17, 1, 0, 4, 0, '2013-04-09 14:07:32', 1),
(390, 57, 7, 3, 0, 4, 0, '2013-04-09 14:07:36', 1),
(391, 57, 14, 2, 0, 9, 0, '2013-04-09 14:07:41', 1),
(392, 59, 0, 0, 0, 0, 0, '2013-04-09 16:18:08', 0),
(393, 60, 0, 0, 0, 0, 0, '2013-04-12 15:55:41', 0),
(394, 60, 0, 0, 1, 0, 1, '2013-04-12 15:55:46', 0);

/*!40101 SET CHARACTER_SET_CLIENT=@OLD_CHARACTER_SET_CLIENT */;
/*!40101 SET CHARACTER_SET_RESULTS=@OLD_CHARACTER_SET_RESULTS */;
/*!40101 SET COLLATION_CONNECTION=@OLD_COLLATION_CONNECTION */;
